,Ind_spread,Us_spread
MonthlyPrice_.NSEI,0.07326659937675029,0.6149329186009733
MonthlyPrice_.NIFMDCP100,0.05005379459277548,0.5806312709608967
MonthlyPrice_.NIFSMCP100,0.4292019653805763,0.4999132228943579
LogReturn_.NSEI,0.12064894283881489,0.4354558593326585
LogReturn_.NIFMDCP100,0.16478658628932275,0.363144166734638
LogReturn_.NIFSMCP100,0.1528559081434797,0.2577727083416852
Return3m_.NSEI,0.20635094403132004,0.18540801672452645
Return3m_.NIFMDCP100,0.26367757486840504,0.07575460190427319
Return3m_.NIFSMCP100,0.17751991636235354,0.041526069522740405
Return6m_.NSEI,0.15768165424267866,0.007460502677854031
Return6m_.NIFMDCP100,0.13480696517916435,0.0021862485324590786
Return6m_.NIFSMCP100,0.023513971182922866,0.0004519712315222968
Return12m_.NSEI,0.0730135294513441,9.774480627111615e-07
Return12m_.NIFMDCP100,0.04597464812781782,1.5983870804703315e-07
Return12m_.NIFSMCP100,0.014645135238745555,3.419984961894329e-09
Drawdown3m_.NSEI,0.24904630775937964,0.21246893049681947
Drawdown3m_.NIFMDCP100,0.46904902379386093,0.3214269655787114
Drawdown3m_.NIFSMCP100,0.5880195012496212,0.31051846642210856
Drawdown6m_.NSEI,0.8019784024343912,0.2422554036119613
Drawdown6m_.NIFMDCP100,0.9323260397590645,0.3046473655839457
Drawdown6m_.NIFSMCP100,0.7481487914456233,0.10770890742912975
Drawdown12m_.NSEI,0.9960885657172038,0.19675782397386432
Drawdown12m_.NIFMDCP100,0.8287826765490187,0.2576260606594918
Drawdown12m_.NIFSMCP100,0.06792053034240375,0.0009932005764952123
SemiStd3m_.NSEI,0.6043889725446094,0.1277967739960899
SemiStd3m_.NIFMDCP100,0.8168891152054447,0.15073519672809121
SemiStd3m_.NIFSMCP100,0.9157456592886575,0.15762343816111812
SemiStd6m_.NSEI,0.953421213533105,0.1192894376498781
SemiStd6m_.NIFMDCP100,0.9623166357484711,0.07396609505966656
SemiStd6m_.NIFSMCP100,0.8480186775838605,0.05097592155620223
SemiStd12m_.NSEI,0.13331602088218153,0.446995429912747
SemiStd12m_.NIFMDCP100,0.2604736837077375,0.20578571446128469
SemiStd12m_.NIFSMCP100,0.411373339487215,0.09533823457433277
