,LogReturn_.NSEI,LogReturn_.NIFMDCP100,LogReturn_.NIFSMCP100
LogReturn_.NSEI,1.0,0.8571335534167216,0.7313806197223061
LogReturn_.NIFMDCP100,0.8571335534167216,1.0,0.9333798078375004
LogReturn_.NIFSMCP100,0.7313806197223061,0.9333798078375004,1.0
