,LogReturn_.NSEI,LogReturn_.NIFMDCP100,LogReturn_.NIFSMCP100
LogReturn_.NSEI,1.0,0.8681011042342811,0.8077709795135827
LogReturn_.NIFMDCP100,0.8681011042342811,1.0,0.9343618341291171
LogReturn_.NIFSMCP100,0.8077709795135827,0.9343618341291171,1.0
