,LogReturn_.NSEI,LogReturn_.NIFMDCP100,LogReturn_.NIFSMCP100
LogReturn_.NSEI,1.0,0.7932905810981303,0.7590528837782102
LogReturn_.NIFMDCP100,0.7932905810981303,1.0,0.9389931170119308
LogReturn_.NIFSMCP100,0.7590528837782102,0.9389931170119308,1.0
