,LogReturn_.NSEI,LogReturn_.NIFMDCP100,LogReturn_.NIFSMCP100
LogReturn_.NSEI,1.0,0.9313063493712035,0.8765773346233552
LogReturn_.NIFMDCP100,0.9313063493712035,1.0,0.9723609261938436
LogReturn_.NIFSMCP100,0.8765773346233552,0.9723609261938436,1.0
