,LogReturn_.NSEI,LogReturn_.NIFMDCP100,LogReturn_.NIFSMCP100
LogReturn_.NSEI,0.0015723925932949196,0.0015656557789667227,0.0020708115731803956
LogReturn_.NIFMDCP100,0.0015656557789667227,0.0024772337348970587,0.0032153922140480276
LogReturn_.NIFSMCP100,0.0020708115731803956,0.0032153922140480276,0.004733431628375209
