,LogReturn_.NSEI,LogReturn_.NIFMDCP100,LogReturn_.NIFSMCP100
LogReturn_.NSEI,0.0024739523957437925,0.00257548473997704,0.0028679898749647426
LogReturn_.NIFMDCP100,0.00257548473997704,0.0035578366623782863,0.003978339040525712
LogReturn_.NIFSMCP100,0.0028679898749647426,0.003978339040525712,0.005095506925717323
