,LogReturn_.NSEI,LogReturn_.NIFMDCP100,LogReturn_.NIFSMCP100
LogReturn_.NSEI,1.0,0.9478668322605435,0.934390571525307
LogReturn_.NIFMDCP100,0.9478668322605435,1.0,0.9720782604788683
LogReturn_.NIFSMCP100,0.934390571525307,0.9720782604788683,1.0
